Date,Total - Users
24/11/2015,1
25/11/2015,2
26/11/2015,2
27/11/2015,3
28/11/2015,3
29/11/2015,3
30/11/2015,3
01/12/2015,4
02/12/2015,4
03/12/2015,5
04/12/2015,5
05/12/2015,6
06/12/2015,7
07/12/2015,10
08/12/2015,11
09/12/2015,11
10/12/2015,11
11/12/2015,11
12/12/2015,11
13/12/2015,11
14/12/2015,11
15/12/2015,11
16/12/2015,11
17/12/2015,11
18/12/2015,11
19/12/2015,12
20/12/2015,12
21/12/2015,12
22/12/2015,12
23/12/2015,12
24/12/2015,12
25/12/2015,12
26/12/2015,12
27/12/2015,12
28/12/2015,13
29/12/2015,13
30/12/2015,13
31/12/2015,13
01/01/2016,13
02/01/2016,13
03/01/2016,13
04/01/2016,15
05/01/2016,16
06/01/2016,16
07/01/2016,16
08/01/2016,16
09/01/2016,16
10/01/2016,16
11/01/2016,17
12/01/2016,17
13/01/2016,17
14/01/2016,19
15/01/2016,19
16/01/2016,19
17/01/2016,19
18/01/2016,19
19/01/2016,19
20/01/2016,19
21/01/2016,19
22/01/2016,19
23/01/2016,19
24/01/2016,19
25/01/2016,19
26/01/2016,19
27/01/2016,21
28/01/2016,21
29/01/2016,21
30/01/2016,21
31/01/2016,21
01/02/2016,21
02/02/2016,21
03/02/2016,22
04/02/2016,22
05/02/2016,22
06/02/2016,22
07/02/2016,22
08/02/2016,22
09/02/2016,22
10/02/2016,23
11/02/2016,23
12/02/2016,23
13/02/2016,23
14/02/2016,23
15/02/2016,23
16/02/2016,23
17/02/2016,23
18/02/2016,23
19/02/2016,23
20/02/2016,23
21/02/2016,23
22/02/2016,23
23/02/2016,23
24/02/2016,23
25/02/2016,23
26/02/2016,23
27/02/2016,23
28/02/2016,23
29/02/2016,24
01/03/2016,25
02/03/2016,27
03/03/2016,27
04/03/2016,27
05/03/2016,27
06/03/2016,27
07/03/2016,27
08/03/2016,29
09/03/2016,29
10/03/2016,29
11/03/2016,29
12/03/2016,29
13/03/2016,29
14/03/2016,29
15/03/2016,30
16/03/2016,30
17/03/2016,30
18/03/2016,30
19/03/2016,30
20/03/2016,30
21/03/2016,30
22/03/2016,31
23/03/2016,31
24/03/2016,31
25/03/2016,31
26/03/2016,31
27/03/2016,31
28/03/2016,31
29/03/2016,31
30/03/2016,32
31/03/2016,32
01/04/2016,32
02/04/2016,32
03/04/2016,32
04/04/2016,32
05/04/2016,32
06/04/2016,32
07/04/2016,34
08/04/2016,34
09/04/2016,34
10/04/2016,34
11/04/2016,34
12/04/2016,34
13/04/2016,34
14/04/2016,34
15/04/2016,34
16/04/2016,34
17/04/2016,34
18/04/2016,34
19/04/2016,34
20/04/2016,34
21/04/2016,35
22/04/2016,35
23/04/2016,35
24/04/2016,35
25/04/2016,35
26/04/2016,35
27/04/2016,35
28/04/2016,35
29/04/2016,37
30/04/2016,37
01/05/2016,37
02/05/2016,37
03/05/2016,37
04/05/2016,37
05/05/2016,37
06/05/2016,37
07/05/2016,37
08/05/2016,37
09/05/2016,37
10/05/2016,37
11/05/2016,37
12/05/2016,37
13/05/2016,37
14/05/2016,38
15/05/2016,38
16/05/2016,38
17/05/2016,38
18/05/2016,38
19/05/2016,38
20/05/2016,38
21/05/2016,38
22/05/2016,38
23/05/2016,38
24/05/2016,38
25/05/2016,38
26/05/2016,38
27/05/2016,39
28/05/2016,39
29/05/2016,39
30/05/2016,39
31/05/2016,39
01/06/2016,39
02/06/2016,39
03/06/2016,39
04/06/2016,39
05/06/2016,39
06/06/2016,39
07/06/2016,40
08/06/2016,40
09/06/2016,40
10/06/2016,40
11/06/2016,40
12/06/2016,40
13/06/2016,40
14/06/2016,40
15/06/2016,40
16/06/2016,40
17/06/2016,40
18/06/2016,40
19/06/2016,40
20/06/2016,40
21/06/2016,41
22/06/2016,41
23/06/2016,41
24/06/2016,41
25/06/2016,41
26/06/2016,41
27/06/2016,41
28/06/2016,42
29/06/2016,42
30/06/2016,42
01/07/2016,42
02/07/2016,42
03/07/2016,42
04/07/2016,42
05/07/2016,42
06/07/2016,42
07/07/2016,42
08/07/2016,42
09/07/2016,42
10/07/2016,42
11/07/2016,42
12/07/2016,42
13/07/2016,42
14/07/2016,42
15/07/2016,42
16/07/2016,42
17/07/2016,42
18/07/2016,42
19/07/2016,42
20/07/2016,42
21/07/2016,43
22/07/2016,43
23/07/2016,43
24/07/2016,43
25/07/2016,43
26/07/2016,43
27/07/2016,43
28/07/2016,43
29/07/2016,43
30/07/2016,43
31/07/2016,43
01/08/2016,43
02/08/2016,43
03/08/2016,43
04/08/2016,43
05/08/2016,43
06/08/2016,43
07/08/2016,43
08/08/2016,43
09/08/2016,43
10/08/2016,43
11/08/2016,43
12/08/2016,43
13/08/2016,43
14/08/2016,43
15/08/2016,43
16/08/2016,43
17/08/2016,43
18/08/2016,43
19/08/2016,43
20/08/2016,43
21/08/2016,43
22/08/2016,43
23/08/2016,43
24/08/2016,43
25/08/2016,43
26/08/2016,43
27/08/2016,43
28/08/2016,43
29/08/2016,43
30/08/2016,43
31/08/2016,43
01/09/2016,43
02/09/2016,43
03/09/2016,43
04/09/2016,43
05/09/2016,43
06/09/2016,43
07/09/2016,43
08/09/2016,43
09/09/2016,43
10/09/2016,43
11/09/2016,43
12/09/2016,43
13/09/2016,43
14/09/2016,43
15/09/2016,43
16/09/2016,43
17/09/2016,43
18/09/2016,43
19/09/2016,43
20/09/2016,43
21/09/2016,43
22/09/2016,43
23/09/2016,43
24/09/2016,43
25/09/2016,43
26/09/2016,43
27/09/2016,44
28/09/2016,44
29/09/2016,44
30/09/2016,45
01/10/2016,45
02/10/2016,45
03/10/2016,45
04/10/2016,45
05/10/2016,46
06/10/2016,46
07/10/2016,46
08/10/2016,46
09/10/2016,46
10/10/2016,46
11/10/2016,46
12/10/2016,46
13/10/2016,46
14/10/2016,46
15/10/2016,47
16/10/2016,47
17/10/2016,47
18/10/2016,48
19/10/2016,50
20/10/2016,50
21/10/2016,50
22/10/2016,50
23/10/2016,50
24/10/2016,52
25/10/2016,52
26/10/2016,53
27/10/2016,53
28/10/2016,53
29/10/2016,53
30/10/2016,53
31/10/2016,54
01/11/2016,56
02/11/2016,56
03/11/2016,60
04/11/2016,60
05/11/2016,60
06/11/2016,61
07/11/2016,62
08/11/2016,63
09/11/2016,64
10/11/2016,65
11/11/2016,67
12/11/2016,67
13/11/2016,67
14/11/2016,68
15/11/2016,69
16/11/2016,69
17/11/2016,71
18/11/2016,71
19/11/2016,71
20/11/2016,71
21/11/2016,74
22/11/2016,74
23/11/2016,77
24/11/2016,79
25/11/2016,81
26/11/2016,82
27/11/2016,83
28/11/2016,83
29/11/2016,84
30/11/2016,84
01/12/2016,86
02/12/2016,87
03/12/2016,87
04/12/2016,88
05/12/2016,89
06/12/2016,89
07/12/2016,90
08/12/2016,90
09/12/2016,90
10/12/2016,90
11/12/2016,91
12/12/2016,95
13/12/2016,96
14/12/2016,96
15/12/2016,96
16/12/2016,97
17/12/2016,97
18/12/2016,97
19/12/2016,97
20/12/2016,98
21/12/2016,98
22/12/2016,98
23/12/2016,98
24/12/2016,98
25/12/2016,98
26/12/2016,98
27/12/2016,98
28/12/2016,98
29/12/2016,98
30/12/2016,98
31/12/2016,98
01/01/2017,98
02/01/2017,98
03/01/2017,98
04/01/2017,98
05/01/2017,99
06/01/2017,99
07/01/2017,99
08/01/2017,99
09/01/2017,100
10/01/2017,100
11/01/2017,101
